settlement_id,payment_id,order_id,gross_amount,fee,tax_on_fee,net_amount,settled_at,utr
stl_x70fqldb2,pay_vzc7d2kd1p,order_dktmonrvbj,700.14,15.25,2.75,682.14,2026-07-12,UTR-19454577
stl_b07g2re6z,pay_eyce4qgm5v,order_itfoyqbkk4,19780.22,376.04,67.69,19336.49,2026-08-16,UTR-87814308
stl_81udp2fmr,pay_n6sjchzjq8,order_rxo1bdje15,1402.54,29.93,5.39,1367.22,2026-07-26,UTR-16618423
stl_81udp2fmr,pay_sijpyueong,order_t8hljefy3z,6419.03,147.54,26.56,6244.93,2026-07-26,UTR-16618423
stl_wyuixns2z,pay_s1ssrkxlcd,order_7u6n7hv3iz,5519.72,100.04,18.01,5401.67,2026-07-10,UTR-99186817
stl_b07g2re6z,pay_wwg84d4r9v,order_4muekipu1w,1143.61,25.1,4.52,1113.99,2026-08-16,UTR-87814308
stl_v51zlbori,pay_0s1f537ye0,order_o119xp9n56,2191.04,49.56,8.92,2132.56,2026-08-02,UTR-50618137
stl_ipar0zj7u,pay_f5a7qy8yb7,order_u8iogxpbwh,743.76,15.15,2.73,725.88,2026-08-07,UTR-15082158
stl_ta83ru7my,pay_ragdx5o31y,order_pqw2vmcqbn,17145.82,309.96,55.79,16780.07,2026-08-13,UTR-17408103
stl_oowt9nm3v,pay_4f9yecazrp,order_az39pecn0d,302.93,6.85,1.23,294.85,2026-08-05,UTR-86129797
stl_e6wtlrj4b,pay_mqa78rapki,order_71q3vli7kq,94710.55,2106.34,379.14,92225.07,2026-07-19,UTR-31923376
stl_dvn1x2gdg,pay_pwdpjbc01a,order_7ptx63cfl0,50132.69,1037.91,186.82,48907.96,2026-08-09,UTR-72673716
stl_0w064w3u1,pay_rrvsffcxhg,order_448n7odkef,39032.64,771.46,138.86,17026.2,2026-07-12,UTR-14919926
stl_k5ogz2uea,pay_z2omtzjko0,order_4dnmkza3oa,12334.8,283.34,51.0,12000.46,2026-07-31,UTR-37570830
stl_76t94ow3l,pay_fbmenui3do,order_5k8p4q0b8i,8723.44,197.41,35.53,8490.5,2026-07-22,UTR-85584002
stl_u1emtx015,pay_l6spbnqs3q,order_lp8ii7ewbx,80711.53,1759.87,316.78,78634.88,2026-08-17,UTR-38158070
stl_5pizx3hcw,pay_wlgje2ab2r,order_nc21o0z5qr,38506.31,714.86,128.67,37662.78,2026-07-22,UTR-92304487
stl_ta83ru7my,pay_gv3dr2h2p3,order_ngwyx9trfl,18255.6,370.24,66.64,17818.72,2026-08-13,UTR-17408103
stl_5pizx3hcw,pay_9212pgyme6,order_me8f840982,8995.6,167.58,30.16,6506.65,2026-07-22,UTR-92304487
stl_k5ogz2uea,pay_92movs0cdk,order_875aud9k9t,24937.78,468.51,84.33,24384.94,2026-07-16,UTR-37570830
stl_k5ogz2uea,pay_6m8jvh7ujo,order_l0mvzmuf84,1854.37,41.07,7.39,1805.91,2026-07-16,UTR-37570830
stl_sn961j88q,pay_z0kz4z7whw,order_os0fb4ypei,1251.91,25.12,4.52,1222.27,2026-07-06,UTR-28546206
stl_ipar0zj7u,pay_0vhmygty3a,order_brsz1n3iuz,116871.72,2541.43,457.46,113872.83,2026-08-07,UTR-15082158
stl_dxb7gbdgb,pay_88d0tgsiwg,order_7srcbpljd8,36813.6,675.6,121.61,25459.83,2026-07-23,UTR-62156850
stl_u8el5015o,pay_0vs52sq3b9,order_6wktakpuxq,43224.81,910.21,163.84,42150.76,2026-07-29,UTR-50714693
stl_ta83ru7my,pay_z6wmdw0fgz,order_w1n6kvpuc8,24866.2,471.34,84.84,24310.02,2026-08-13,UTR-17408103
stl_wyuixns2z,pay_x7ib5n2ej0,order_oljq52wspo,996.29,19.13,3.44,973.72,2026-07-10,UTR-99186817
stl_x70fqldb2,pay_k06moxsfh4,order_yyv37dia5u,26322.27,598.43,107.72,25616.12,2026-07-12,UTR-19454577
stl_l68j0nmeo,pay_yrp5ge094d,order_lrmjkv5usg,15536.69,344.58,62.02,15130.09,2026-07-07,UTR-46484819
stl_ipar0zj7u,pay_dqhkgad7x4,order_36htf4pyzr,521.05,9.63,1.73,509.69,2026-08-07,UTR-15082158
stl_k5ogz2uea,pay_2kbvsigbia,order_lcxlvpymb5,32498.07,691.7,124.51,31681.86,2026-07-16,UTR-37570830
stl_5pizx3hcw,pay_cfkjnawnga,order_6dut076g5g,7388.03,153.47,27.62,7206.94,2026-07-22,UTR-92304487
stl_ta83ru7my,pay_ietdn1th1x,order_q0mftg698s,23756.22,468.93,84.41,19590.59,2026-08-13,UTR-17408103
stl_u1emtx015,pay_36qnyy95g5,order_zqakoixntm,951.66,19.66,3.54,928.46,2026-08-17,UTR-38158070
stl_a1whhkt1y,pay_jng7l4lrce,order_bz2sf6f7lo,6173.88,138.78,24.98,6010.12,2026-08-04,UTR-30041488
stl_oowt9nm3v,pay_tixc7urvqt,order_uuylajahcp,2727.0,59.82,10.77,2656.41,2026-08-05,UTR-86129797
stl_5pizx3hcw,pay_c1cqg433e1,order_efqjg02u1g,23648.33,538.19,96.87,23013.27,2026-07-22,UTR-92304487
stl_l68j0nmeo,pay_r5pcxa5s00,order_j9a3y36ddf,1617.21,33.02,5.94,1578.25,2026-07-07,UTR-46484819
stl_81udp2fmr,pay_ql0ht1tw9z,order_b7r3ocwbfu,15629.41,305.17,54.93,15269.31,2026-07-26,UTR-16618423
stl_b07g2re6z,pay_k00ilu6vfu,order_10lbt3g2qz,2317.75,51.42,9.26,2257.07,2026-08-16,UTR-87814308
stl_rm6j8y6rh,pay_hhiwfd7yxw,order_a0i5ldslcb,55610.25,1243.65,223.86,54142.74,2026-07-18,UTR-42488275
stl_k5ogz2uea,pay_lnfxj4pnjy,order_aoi4e8xf7k,100934.8,2163.92,389.51,98381.37,2026-07-16,UTR-37570830
stl_k5ogz2uea,pay_o2rntjlmz0,order_b9yo18pajs,19916.99,433.69,78.06,19405.24,2026-07-16,UTR-37570830
stl_ipar0zj7u,pay_8p74mjdxo1,order_oxko8g8qyn,3412.31,72.3,13.01,3327.0,2026-08-07,UTR-15082158
stl_e6wtlrj4b,pay_ikwe4bx4lr,order_pvn9er14ff,95773.95,2147.96,386.63,65539.93,2026-07-19,UTR-31923376
stl_u8el5015o,pay_b1ajo091c7,order_n2twdl9zs1,842.65,15.98,2.88,823.79,2026-07-29,UTR-50714693
stl_ipar0zj7u,pay_cs4kek4aeg,order_hcwi64ciyh,57118.13,1110.04,199.81,55808.28,2026-08-07,UTR-15082158
stl_gjr81bmqf,pay_qla09lzrk7,order_8skch8jwwd,6366.34,119.22,21.46,6225.66,2026-08-16,UTR-81848989
stl_81udp2fmr,pay_hey66p61xu,order_j883dhx8bm,110661.14,2370.39,426.67,107864.08,2026-07-26,UTR-16618423
stl_rm6j8y6rh,pay_qyahulwjti,order_gl58kxo9t7,2779.82,59.74,10.75,2709.33,2026-07-18,UTR-42488275
stl_eehwjq4ta,pay_l62cf4mntf,order_z42o83rlkt,1871.28,39.09,7.04,1825.15,2026-08-01,UTR-41927492
stl_l68j0nmeo,pay_qdxamw2tnd,order_7eeqtul1p3,20690.42,410.01,73.8,20206.61,2026-07-07,UTR-46484819
stl_81udp2fmr,pay_vdh8uzb7kr,order_u6qlz2rwgw,1415.39,28.91,5.2,1381.28,2026-07-26,UTR-16618423
stl_5038hvqrh,pay_7r1m264upj,order_rjiw1swjck,12388.3,266.2,47.92,7824.62,2026-07-13,UTR-90643207
stl_x70fqldb2,pay_g24479qtkc,order_4w3zkwdeek,83074.3,1576.05,283.69,81214.56,2026-07-12,UTR-19454577
stl_81udp2fmr,pay_x1gm32wp7i,order_8y72ivglye,116262.9,2293.01,412.74,113557.15,2026-07-26,UTR-16618423
stl_81udp2fmr,pay_978imoe0sy,order_j7xvg0fn9x,16985.06,390.65,70.32,16524.09,2026-07-26,UTR-16618423
stl_5pizx3hcw,pay_fdw79wcxz2,order_gatj9tze5r,2352.56,43.4,7.81,2301.35,2026-07-22,UTR-92304487
stl_l68j0nmeo,pay_kstn3cpudr,order_pnsm43d8w3,101525.16,1995.42,359.18,99170.56,2026-07-07,UTR-46484819
stl_u8el5015o,pay_7j2dg1wjui,order_enulqjidkn,93244.47,1884.94,339.29,91020.24,2026-08-14,UTR-50714693
stl_b07g2re6z,pay_40aq15o2nq,order_r5l8a78e9r,97361.16,2094.87,377.08,94889.21,2026-08-16,UTR-87814308
stl_5pizx3hcw,pay_frml29q2l4,order_n606n9rr7s,20178.51,386.7,69.61,19722.2,2026-07-22,UTR-92304487
stl_u1emtx015,pay_oy7rp0aga2,order_gzlma5uofw,82854.52,1500.78,270.14,81083.6,2026-08-17,UTR-38158070
stl_rm6j8y6rh,pay_tbrwr965r9,order_3i12vj99t2,44494.53,970.92,174.77,43348.84,2026-07-18,UTR-42488275
stl_ve3dzeedh,pay_b354mype46,order_k20in8910t,9835.35,190.03,34.21,9611.11,2026-07-02,UTR-45298445
stl_gjr81bmqf,pay_blmntfk7or,order_xbz9svn7n1,12911.51,268.72,48.37,12594.42,2026-08-16,UTR-81848989
stl_oowt9nm3v,pay_dxoq2vpgst,order_gox22iniwc,372.43,8.55,1.54,362.34,2026-08-05,UTR-86129797
stl_u8el5015o,pay_o0uswbkok3,order_hx74d0gjyv,1818.44,37.45,6.74,1774.25,2026-07-29,UTR-50714693
stl_k5ogz2uea,pay_118qqvaecw,order_qpki7p5tb9,1387.08,28.87,5.2,1353.01,2026-07-16,UTR-37570830
stl_ipar0zj7u,pay_fr91ipwh0m,order_8uyo57p6bk,1466.07,33.24,5.98,1426.85,2026-08-07,UTR-15082158
stl_a1whhkt1y,pay_6tbb6bndoz,order_38sryo4rcb,1517.7,29.68,5.34,1482.68,2026-08-04,UTR-30041488
stl_ipar0zj7u,pay_2qsq0p82kb,order_826gyup12s,1948.61,38.42,6.92,1903.27,2026-08-07,UTR-15082158
stl_76t94ow3l,pay_kkh4a3yjtu,order_sic43olfar,87331.36,2005.74,361.03,84964.59,2026-07-22,UTR-85584002
stl_u8el5015o,pay_eoqgvzhqjy,order_42hhihxs58,998.38,21.45,3.86,973.07,2026-07-29,UTR-50714693
stl_e6wtlrj4b,pay_c5tao1cjfx,order_elos6zle6k,87099.92,1612.66,290.28,85196.98,2026-07-19,UTR-31923376
stl_u8el5015o,pay_5rlqiob0nl,order_1vsmado8e7,15771.4,361.61,65.09,15344.7,2026-07-29,UTR-50714693
stl_x70fqldb2,pay_ijnwpaytxw,order_1ocjxzefli,106511.6,2223.41,400.21,103887.98,2026-07-12,UTR-19454577
stl_rm6j8y6rh,pay_wnrhzn4kge,order_jja26yfpmv,1973.22,40.17,7.23,1925.82,2026-07-18,UTR-42488275
stl_wyuixns2z,pay_no2y8b0h54,order_se45bg34iq,2641.41,48.17,8.67,2584.57,2026-07-10,UTR-99186817
stl_wyuixns2z,pay_twhwhy4h35,order_xi5bj5d5e3,18817.57,430.13,77.42,8939.0,2026-07-10,UTR-99186817
stl_eehwjq4ta,pay_3g47rrbefq,order_j70e3p15ah,1770.0,40.36,7.26,1722.38,2026-08-01,UTR-41927492
stl_wyuixns2z,pay_iwznv0h0gq,order_m8t2sa5bnn,42794.82,865.11,155.72,41773.99,2026-07-10,UTR-99186817
stl_0w064w3u1,pay_ei3zrrhf4a,order_mf8mdd4v30,1771.34,35.09,6.32,892.46,2026-07-12,UTR-14919926
stl_k5ogz2uea,pay_8adf7pchcb,order_z2nx1wvbd4,27081.76,509.24,91.66,26480.86,2026-07-16,UTR-37570830
stl_ipar0zj7u,pay_q3jzr25mdf,order_nvksp2ex5t,84310.16,1767.04,318.07,63844.51,2026-08-07,UTR-15082158
stl_b07g2re6z,pay_r6f7qnezw9,order_p87wxe6syl,93345.85,1900.05,342.01,91103.79,2026-08-16,UTR-87814308
stl_x70fqldb2,pay_05qmktgv44,order_mgtt0iaaky,87870.29,1640.67,295.32,85934.3,2026-07-12,UTR-19454577
stl_a1whhkt1y,pay_d2zdlx1q8f,order_sdw4shnf87,23983.95,523.38,94.21,13640.74,2026-08-04,UTR-30041488
stl_ipar0zj7u,pay_zeryf0992q,order_vifiit2018,20127.84,419.48,75.51,19632.85,2026-08-07,UTR-15082158
stl_u1emtx015,pay_og8cfeffh8,order_of8krd5eqy,7870.08,145.1,26.12,7698.86,2026-08-17,UTR-38158070
stl_sn961j88q,pay_yh1fkj4yk1,order_9wrsb4gf16,65785.83,1231.95,221.75,64332.13,2026-07-06,UTR-28546206
stl_b07g2re6z,pay_ua08ekxdrk,order_6m7b5c81jh,2030.67,38.99,7.02,1984.66,2026-08-16,UTR-87814308
stl_ta83ru7my,pay_ef46rf7bnh,order_ftaxp0wfoy,1146.05,22.21,4.0,1119.84,2026-08-22,UTR-17408103
stl_e6wtlrj4b,pay_nkwfg3mwu4,order_afeyuhz1gv,485.27,10.89,1.96,472.42,2026-07-19,UTR-31923376
stl_81udp2fmr,pay_ypuplvqexu,order_id25owf759,644.1,14.4,2.59,627.11,2026-07-26,UTR-16618423
stl_ta83ru7my,pay_l9ue421vme,order_nu80b6ugvs,1075.11,23.0,4.14,1047.97,2026-08-13,UTR-17408103
stl_dxb7gbdgb,pay_szjnvc7hr6,order_q01tee13n3,51111.03,1088.13,195.86,49827.04,2026-07-23,UTR-62156850
stl_dxb7gbdgb,pay_2cu7onz3jb,order_ebwuwqheyt,60309.83,1109.69,199.74,59000.4,2026-07-23,UTR-62156850
stl_81udp2fmr,pay_0d0iwf3km2,order_oy0ifznbqh,27354.7,586.12,105.5,20639.68,2026-07-26,UTR-16618423
stl_a1whhkt1y,pay_4kmusozduc,order_zk3ny9v20y,81403.84,1660.09,298.82,79444.93,2026-08-04,UTR-30041488
stl_0w064w3u1,pay_osx43wfsqg,order_jl2z0ljch2,30916.87,635.41,114.37,30167.09,2026-07-12,UTR-14919926
stl_5pizx3hcw,pay_izxtnsrtwl,order_w82lk2n7h9,6908.02,153.94,27.71,3277.83,2026-07-22,UTR-92304487
stl_0w064w3u1,pay_6nqqb9lzs3,order_yzcotohp6v,1033.63,19.67,3.54,1010.42,2026-07-12,UTR-14919926
stl_eehwjq4ta,pay_6q37csuyta,order_h23c42yfkj,27557.03,615.24,110.74,26831.05,2026-08-01,UTR-41927492
stl_eehwjq4ta,pay_yjckt1elou,order_votqtxhi15,1959.49,37.35,6.72,1056.62,2026-08-01,UTR-41927492
stl_wyuixns2z,pay_c80ebkjf4a,order_pjrht7zewv,28996.32,664.52,119.61,28212.19,2026-07-10,UTR-99186817
stl_u1emtx015,pay_mux2rxttqu,order_swq40zsu9r,12702.85,261.65,47.1,12394.1,2026-08-17,UTR-38158070
stl_dvn1x2gdg,pay_cq91yy1j2j,order_v78hu7f0i9,23873.34,508.56,91.54,23273.24,2026-08-09,UTR-72673716
stl_l68j0nmeo,pay_r30ojhe4h3,order_bpt11f9i6u,81789.57,1838.99,331.02,79619.56,2026-07-07,UTR-46484819
stl_b07g2re6z,pay_hyl2ld05nh,order_q77awudtse,2108.26,41.38,7.45,2059.43,2026-08-16,UTR-87814308
stl_wyuixns2z,pay_zs8s2ftom5,order_jn6fokzixz,9641.04,177.05,31.87,9432.12,2026-07-10,UTR-99186817
stl_5pizx3hcw,pay_1p0bq1s9ry,order_rcpprcjiwv,1844.29,35.49,6.39,1802.41,2026-07-22,UTR-92304487
stl_81udp2fmr,pay_jopz1rhouu,order_j9rm7pyxdw,19918.12,413.12,74.36,19430.64,2026-07-26,UTR-16618423
stl_wyuixns2z,pay_lk8wru1xem,order_3lbqgu3oby,474.07,10.11,1.82,462.14,2026-07-10,UTR-99186817
stl_rm6j8y6rh,pay_idjipnf8f3,order_ozd1at7o75,75448.94,1575.33,283.56,73590.05,2026-07-18,UTR-42488275
stl_l68j0nmeo,pay_90aobt328w,order_bhb7s9tj1g,20852.95,408.31,73.5,20371.14,2026-07-07,UTR-46484819
stl_eehwjq4ta,pay_9td0v2zp4j,order_84azytjxep,61552.89,1283.8,231.08,60038.01,2026-08-01,UTR-41927492
stl_dvn1x2gdg,pay_9j3gc9hoxd,order_r1dwwo8nbh,312.73,5.73,1.03,204.37,2026-08-09,UTR-72673716
stl_u8el5015o,pay_n16uxf5gzp,order_8qizk3c9xb,14582.03,290.09,52.22,14239.72,2026-07-29,UTR-50714693
stl_gjr81bmqf,pay_ufu6py06ft,order_ru7zkut6om,91965.59,2106.33,379.14,89480.12,2026-08-16,UTR-81848989
stl_ta83ru7my,pay_dt8cq1xgbn,order_mp2ixivzk7,2621.9,55.48,9.99,1031.87,2026-08-13,UTR-17408103
stl_ipar0zj7u,pay_1egok01tnz,order_kqxlm5q201,955.0,20.26,3.65,931.09,2026-08-07,UTR-15082158
stl_eehwjq4ta,pay_xzuu80mb1l,order_z0jkibu4fm,724.18,13.62,2.45,506.81,2026-08-01,UTR-41927492
stl_u8el5015o,pay_wbsf3q0e27,order_w0ldalmjeg,2454.75,49.85,8.97,1561.05,2026-07-29,UTR-50714693
stl_v51zlbori,pay_zsa7yvdqbs,order_agkc4lorxd,87891.92,1783.93,321.11,85786.88,2026-08-02,UTR-50618137
stl_k5ogz2uea,pay_9wszv83xph,order_m1g9fk2st0,14186.75,282.62,50.87,13853.26,2026-07-16,UTR-37570830
stl_5038hvqrh,pay_s6y3vg6v5t,order_tpac56t4uf,10338.24,192.92,34.73,8482.8,2026-07-13,UTR-90643207
stl_b07g2re6z,pay_50b8y5dnwn,order_6ub7l8v1zo,2169.18,39.92,7.19,2122.07,2026-08-16,UTR-87814308
stl_l68j0nmeo,pay_m1bwye6qvs,order_w4a7fq9p96,99888.85,1893.18,340.77,97654.9,2026-07-07,UTR-46484819
stl_a1whhkt1y,pay_wyqmlh13c7,order_cvarlw3mg2,2488.08,55.87,10.06,2422.15,2026-08-04,UTR-30041488
stl_dxb7gbdgb,pay_dwmqx5ggom,order_bne6loh25n,669.3,14.55,2.62,426.69,2026-07-23,UTR-62156850
stl_x70fqldb2,pay_rlexdw6lqw,order_y6dpbhsahx,2026.45,37.47,6.74,1016.61,2026-07-12,UTR-19454577
stl_ta83ru7my,pay_ctlt4q9bc2,order_duxlez896d,1137.63,23.85,4.29,688.39,2026-08-13,UTR-17408103
stl_5pizx3hcw,pay_wb7sjwh55h,order_3cd5glqj5s,1898.95,37.14,6.69,1294.21,2026-07-22,UTR-92304487
stl_0w064w3u1,pay_t9q1ni10kq,order_4ptgq9cvah,3265.47,67.78,12.2,3185.49,2026-07-12,UTR-14919926
stl_l68j0nmeo,pay_0tpv726yg3,order_unj48vfcx7,4152.04,74.83,13.47,4063.74,2026-07-07,UTR-46484819
stl_0w064w3u1,pay_tgxnx4sn6s,order_gf1c8wquuy,2887.2,55.77,10.04,2821.39,2026-07-12,UTR-14919926
stl_ta83ru7my,pay_e3yqy5fu7b,order_qnpcenlk8a,2041.94,37.19,6.69,1998.06,2026-08-13,UTR-17408103
stl_l68j0nmeo,pay_rupw2w5506,order_2knftu2gc5,5211.16,117.54,21.16,5072.46,2026-07-07,UTR-46484819
stl_v51zlbori,pay_ke226parsg,order_m148p0tvhh,21848.1,416.88,75.04,21356.18,2026-08-02,UTR-50618137
stl_76t94ow3l,pay_02g3yu6vk0,order_z3nx39rbsv,1843.85,41.65,7.5,908.88,2026-07-22,UTR-85584002
stl_gjr81bmqf,pay_94yxfiblej,order_rms3jn050e,2076.74,40.34,7.26,2029.14,2026-08-16,UTR-81848989
stl_gjr81bmqf,pay_o4qdbxvh7k,order_bi4o6q0usw,1433.5,28.01,5.04,1400.45,2026-08-16,UTR-81848989
stl_e6wtlrj4b,pay_3rwqmmu7ja,order_wyam1n0lh9,2449.13,44.82,8.07,2396.24,2026-07-19,UTR-31923376
stl_u8el5015o,pay_ymyrsvzn4r,order_dr5xyfc4kl,22460.14,430.36,77.46,21952.32,2026-07-29,UTR-50714693
stl_oowt9nm3v,pay_ekntbz3m55,order_ofn1r4kz36,10577.13,211.76,38.12,10327.25,2026-08-05,UTR-86129797
stl_eehwjq4ta,pay_4cqe4lohhc,order_983ep9p9w4,2461.22,53.64,9.66,2397.92,2026-08-01,UTR-41927492
stl_76t94ow3l,pay_17j8qo09vs,order_p3jpxgh301,2179.69,45.18,8.13,2126.38,2026-08-04,UTR-85584002
stl_sn961j88q,pay_uyp04k43sa,order_qt3wvedn9u,15359.97,313.37,56.41,14990.19,2026-07-06,UTR-28546206
stl_ta83ru7my,pay_xq7bzegbl2,order_os7yt2m6tw,12308.82,230.27,41.45,12037.1,2026-08-13,UTR-17408103
stl_e6wtlrj4b,pay_8oga0x7zcg,order_ajepecqnvq,22061.85,461.86,83.13,21516.86,2026-07-19,UTR-31923376
stl_x70fqldb2,pay_xrteo2t8fy,order_984uvkyrmj,84242.58,1682.79,302.9,82256.89,2026-07-12,UTR-19454577
stl_l68j0nmeo,pay_6wa7sqrf1l,order_p0lvsnujza,24348.81,538.89,97.0,23712.92,2026-07-07,UTR-46484819
stl_rm6j8y6rh,pay_hub2rtsoyg,order_epkyrybova,13684.56,309.0,55.62,9541.36,2026-07-18,UTR-42488275
stl_ta83ru7my,pay_so7vbgr8w2,order_1poxtfdc79,23870.96,454.28,81.77,12881.3,2026-08-13,UTR-17408103
stl_5038hvqrh,pay_u1wsgy7vcn,order_tk93tyt7d5,4513.41,84.46,15.2,4413.75,2026-07-13,UTR-90643207
stl_b07g2re6z,pay_4c6lbpj8t2,order_5qjicjdan0,33428.97,707.59,127.37,32594.01,2026-08-16,UTR-87814308
stl_e6wtlrj4b,pay_jq8zgvwwus,order_zhwy9hecgz,802.33,18.35,3.3,465.15,2026-07-19,UTR-31923376
stl_x70fqldb2,pay_20n8tteavt,order_00u686xii5,17467.52,394.26,70.97,17002.29,2026-07-12,UTR-19454577
stl_eehwjq4ta,pay_xqpva5kw3h,order_swrpbjek5r,3025.32,57.74,10.39,2957.19,2026-08-01,UTR-41927492
stl_5pizx3hcw,pay_yk03o4gkww,order_izl08yg0jv,15108.55,332.96,59.93,14715.66,2026-07-22,UTR-92304487
stl_e6wtlrj4b,pay_8huxg2myr0,order_3gdppq0y9d,23581.31,438.76,78.98,10322.21,2026-07-19,UTR-31923376
stl_0w064w3u1,pay_x80rmhrcnb,order_hc0clbr7tc,20233.95,460.19,82.83,19690.93,2026-07-12,UTR-14919926
stl_ve3dzeedh,pay_9moft6yria,order_4izasnwywr,2565.48,56.84,10.23,2498.41,2026-07-02,UTR-45298445
stl_l68j0nmeo,pay_5sywp0rxxf,order_2mtr6snglh,84921.67,1623.7,292.27,83005.7,2026-07-23,UTR-46484819
stl_k5ogz2uea,pay_ck82853uy8,order_jqijc1ydmt,7067.39,130.98,23.58,6912.83,2026-07-16,UTR-37570830
stl_b07g2re6z,pay_9bq1btr23q,order_ct64z7w2se,20831.29,375.49,67.59,20388.21,2026-08-16,UTR-87814308
stl_oowt9nm3v,pay_u6k7p9mda9,order_50h2cwtg1m,5328.99,104.36,18.78,5205.85,2026-08-05,UTR-86129797
stl_eehwjq4ta,pay_eq20hwobm3,order_nz1udbfwyj,19414.46,368.25,66.28,18979.93,2026-08-01,UTR-41927492
stl_ta83ru7my,pay_oztp7bd4w1,order_ffhhcmktlz,90467.69,1692.31,304.62,88470.76,2026-08-13,UTR-17408103
stl_ipar0zj7u,pay_6dr08cw2lb,order_t5r5rc6zs6,15973.98,293.78,52.88,15627.32,2026-08-07,UTR-15082158
stl_gjr81bmqf,pay_tqydshlv76,order_msyj9boq0i,408.89,7.41,1.33,400.15,2026-08-16,UTR-81848989
stl_l68j0nmeo,pay_xqm334l1vz,order_93mzywr7mk,63436.89,1320.23,237.64,61879.02,2026-07-07,UTR-46484819
stl_eehwjq4ta,pay_w7wr0r35ik,order_f58c2jwocl,66829.09,1395.1,251.12,65182.87,2026-08-01,UTR-41927492
stl_oowt9nm3v,pay_g8cd31nrxd,order_7yirq8rtm4,18501.95,409.08,73.63,18019.24,2026-08-05,UTR-86129797
stl_e6wtlrj4b,pay_lmt2pnjka3,order_hmy4sj6bw3,1014.06,21.5,3.87,988.69,2026-07-19,UTR-31923376
stl_76t94ow3l,pay_a1nkbtfshb,order_ygfliji18k,103564.03,2176.04,391.69,100996.3,2026-07-22,UTR-85584002
stl_5038hvqrh,pay_dx6ta7ypp5,order_kxwd8il3fb,69952.69,1522.3,274.01,68156.38,2026-07-13,UTR-90643207
stl_k5ogz2uea,pay_0qzfhomtzz,order_t6dvwrb7f6,4632.41,103.19,18.57,2441.46,2026-07-16,UTR-37570830
stl_x70fqldb2,pay_vunlpaih0p,order_fgyw6zbnz8,108257.31,2114.09,380.54,105762.68,2026-07-12,UTR-19454577
stl_oowt9nm3v,pay_zolnntxrgn,order_rpzlk3e4xy,682.52,13.09,2.36,667.07,2026-08-05,UTR-86129797
stl_u8el5015o,pay_zeeqnsn2s8,order_479t6vxdp5,56932.31,1283.02,230.94,26472.89,2026-07-29,UTR-50714693
stl_oowt9nm3v,pay_6wafftouhy,order_xb94pdzp6l,94088.08,2110.99,379.98,91597.11,2026-08-05,UTR-86129797
stl_0w064w3u1,pay_ufwbucjg8v,order_r56fao72kz,2557.27,46.58,8.38,2502.31,2026-07-12,UTR-14919926
stl_81udp2fmr,pay_aymk99jcjn,order_ye9r1f63ai,74427.4,1616.71,291.01,72519.68,2026-07-26,UTR-16618423
stl_e6wtlrj4b,pay_filkjxjq5n,order_fgv0ec14m2,12140.79,222.87,40.12,11877.8,2026-07-19,UTR-31923376
stl_dvn1x2gdg,pay_x7xjz6us7r,order_rftmttqlgz,93974.84,1925.4,346.57,91702.87,2026-08-25,UTR-72673716
stl_81udp2fmr,pay_x6mdk5n9sz,order_y5y2jr8kk7,68668.04,1462.76,263.3,66941.98,2026-07-26,UTR-16618423
stl_ve3dzeedh,pay_ur82c06xq9,order_c4xl9967i6,70220.48,1295.22,233.14,54669.52,2026-07-02,UTR-45298445
stl_wyuixns2z,pay_7b7v1w4k2t,order_dvlnknd669,1511.88,30.74,5.53,1475.61,2026-07-10,UTR-99186817
stl_76t94ow3l,pay_cc1m3o55ix,order_zgf9q5rdoq,1961.52,40.96,7.37,1913.19,2026-07-22,UTR-85584002
stl_ipar0zj7u,pay_00ucrgb93w,order_8r2ykccprh,27877.16,630.42,113.48,27133.26,2026-08-07,UTR-15082158
stl_sn961j88q,pay_my9x8sylem,order_ym52xg8p6b,117376.07,2283.3,410.99,114681.78,2026-07-06,UTR-28546206
stl_5pizx3hcw,pay_pkzggm0j36,order_a0gnzs43c5,7647.15,156.2,28.12,7462.83,2026-07-22,UTR-92304487
stl_a1whhkt1y,pay_8udttj72ug,order_4ykadejnob,15833.57,294.07,52.93,15486.57,2026-08-04,UTR-30041488
stl_eehwjq4ta,pay_bmfbuvldd9,order_wc4rtwuzka,2395.67,45.34,8.16,2342.17,2026-08-01,UTR-41927492
stl_5pizx3hcw,pay_wgabtgdjz0,order_1gspk9p38q,115324.7,2232.76,401.9,112690.04,2026-07-22,UTR-92304487
